Network I/O p373a91;;env32-read-KB/s;lo-write-KB/s;env32-write-KB/s
7:26:00;2011,7;61765,4;2011,7;78847,9
7:26:01;1949;58731,1;1949;74302
7:26:02;2093,4;61766,3;2093,4;76203,9
7:26:03;1903,8;61555,9;1903,8;76730,8
7:26:04;2039,1;59568,1;2039,1;74895,6
7:26:05;2031,7;61001,1;2031,7;77064,4
7:26:06;1925,8;60766,5;1925,8;78158
7:26:07;1990,3;58512,8;1990,3;75567
7:26:08;2037;60623,7;2037;76082,2
7:26:09;1957,9;60883,9;1957,9;78911
7:26:10;2000,7;59759,5;2000,7;76664,7
7:26:11;1953,2;58589,4;1953,2;75026,2
7:26:12;1983,3;59823,7;1983,3;76295,1
7:26:13;2071,5;60206;2071,5;74970,6
7:26:14;1912,3;59034,4;1912,3;77377,6
7:26:15;2231,9;61367;2231,9;76248,2
7:26:16;2298,4;62192,3;2298,4;77357,4
7:26:17;2021,1;57921,3;2021,1;74307,3
7:26:18;2165,5;62646,4;2165,5;78614,7
7:26:19;2154,2;61916;2154,2;76445,5
7:26:20;1968,3;60521,7;1968,3;76704,3
7:26:21;1943,9;62047,4;1943,9;78615,7
7:26:22;2261,2;61410,4;2261,2;75790,3
7:26:23;1995,2;60128,4;1995,2;75868,3
7:26:24;2048,6;63409,8;2048,6;79834,1
7:26:25;2188,3;61710,3;2188,3;77609,7
7:26:26;2259,1;61067,7;2259,1;78434,3
7:26:27;2069,2;63036,9;2069,2;79000,6
7:26:28;2165,9;62627,2;2165,9;77769,2
7:26:29;2042,3;63111,9;2042,3;79034,5
7:26:30;2067,8;60171,3;2067,8;75534,2
7:26:31;2092;62003,1;2092;76468,3
7:26:32;2149,7;61925,4;2149,7;76607,9
7:26:33;1994,5;62722;1994,5;77887,5
7:26:34;2065,8;62632,9;2065,8;78007,4
7:26:35;1974,6;59106,3;1974,6;74057,2
7:26:36;1898,1;60263,4;1898,1;78102,5
7:26:37;1984,1;61699,4;1984,1;76948
7:26:38;2030,1;59756,1;2030,1;74961,1
7:26:39;1954,8;58406,5;1954,8;76647,3
7:26:40;2012,6;60857,9;2012,6;75767,1
7:26:41;2030,4;60817,3;2030,4;77169,5
7:26:42;2066,1;61090,7;2066,1;76148,9
7:26:43;1992,3;61216,1;1992,3;78338,3
7:26:44;1976,9;62463,6;1976,9;76327,6
7:26:45;2074,5;62519,3;2074,5;78610,5
7:26:46;2044,7;63062,4;2044,7;79012,9
7:26:47;2057,8;61874,8;2057,8;77608,9
7:26:48;2058,3;61581,3;2058,3;76192,1
7:26:49;2049,1;62704,2;2049,1;77331,7
7:26:50;2079,9;62777;2079,9;76140,7
7:26:51;1950;60675;1950;76879,7
7:26:52;2118,1;62418,8;2118,1;77849,5
7:26:53;1969,3;61220,8;1969,3;76890,1
7:26:54;2065,6;61843,4;2065,6;78413,2
7:26:55;2092,6;64911;2092,6;79918,9
7:26:56;1971,1;64246,3;1971,1;80025,1
7:26:57;2133,2;60799,2;2133,2;76720,7
7:26:58;1983,3;64870;1983,3;79820,8
7:26:59;2123,3;63048,1;2123,3;77926,1
7:27:00;2093,1;61326,8;2093,1;77492,6
7:27:01;2010,8;61253,6;2010,8;76714,1
7:27:02;2097,6;63288,4;2097,6;77854,9
7:27:03;1951,3;60355,2;1951,3;77565,6
7:27:04;1921,4;61978,8;1921,4;79083,1
7:27:05;2000,8;61841,5;2000,8;78031,7
7:27:06;2025,3;62698,8;2025,3;78259,1
7:27:07;2069,8;63305,6;2069,8;78281,4
7:27:08;2046,8;63053,7;2046,8;79157,4
7:27:09;1996,9;61054,1;1996,9;77932,2
7:27:10;2017,7;65101,6;2017,7;80270,1
7:27:11;2020;62497,2;2020;79119,4
7:27:12;2048,5;64233,5;2048,5;79919,2
7:27:13;2014,3;62686,1;2014,3;78689,2
7:27:14;2153,5;63210,4;2153,5;78869,2
7:27:15;2247,1;62424,2;2247,1;76202,5
7:27:16;2147,5;61871,1;2147,5;78659,4
7:27:17;2070,4;60638,8;2070,4;74721,8
7:27:18;2158;61472,6;2158;77204,4
7:27:19;2045,6;61874,9;2045,6;79230,2
7:27:20;1988;63641,3;1988;78915,9
7:27:21;2025,7;60875,7;2025,7;75862,1
7:27:22;2081,5;63170,1;2081,5;78390,4
7:27:23;2195,3;63663,7;2195,3;78643
7:27:24;2142,4;62184,9;2142,4;75948,1
7:27:25;2137;61445,6;2137;77328,4
7:27:26;2074,5;63640,9;2074,5;78370,2
7:27:27;2038;61623,4;2038;77804,7
7:27:28;2129,6;63944,2;2129,6;78607,1
7:27:29;2088,2;61820,2;2088,2;77297,9
7:27:30;2160,1;61874,5;2160,1;76763,1
7:27:31;2008,7;64567;2008,7;80026,5
7:27:32;2031;61514,6;2031;78376,2
7:27:33;1985;64198,9;1985;79003
7:27:34;2113;62986,6;2113;78148,6
7:27:35;2009,4;63255,8;2009,4;78556,2
7:27:36;1990,1;63701,7;1990,1;79643,5
7:27:37;2018,6;60642,6;2018,6;76332,8
7:27:38;1987,7;62156,4;1987,7;78063
7:27:39;1999,7;63042,8;1999,7;77040,8
7:27:40;2076,1;60218,7;2076,1;76617,8
7:27:41;2054,5;61313,7;2054,5;76737,4
7:27:43;1950,6;63624,6;1950,6;79893,3
7:27:44;2079,4;63666,8;2079,4;79001,3
7:27:45;2072;63352,8;2072;78148,1
7:27:46;2020,5;64804,2;2020,5;79860,7
7:27:47;2072,9;61127,3;2072,9;76748,3
7:27:48;2009,4;63959,6;2009,4;79938,9
7:27:49;2001,7;63437,3;2001,7;78264,3
7:27:50;2091,3;63450,7;2091,3;80073,8
7:27:51;1980,9;61877,2;1980,9;78310,4
7:27:52;2030;61612,4;2030;77236,7
7:27:53;1959,9;63007,6;1959,9;78094,6
7:27:54;2094,5;63210,7;2094,5;77785,6
7:27:55;2075,5;66030,4;2075,5;80240,4
7:27:56;1993;62161,4;1993;78788,8
7:27:57;2013,3;61726,9;2013,3;77981,1
7:27:58;2035,3;64131,5;2035,3;79108,2
7:27:59;1937,4;62865,6;1937,4;79489,3
7:28:00;2105,7;62214,5;2105,7;77004,8
7:28:01;1991,7;63678,4;1991,7;78347,9
7:28:02;2053,4;57998,9;2053,4;72615,3
7:28:03;1921,6;60968,5;1921,6;76232,1
7:28:04;2028,1;62389;2028,1;77316,3
7:28:05;2006;61341;2006;76368,2
7:28:06;1856;62276,1;1856;79757,4
7:28:07;2072,8;64419,2;2072,8;80357,2
7:28:08;2017,1;63988,5;2017,1;79502,2
7:28:09;2033,7;63052,4;2033,7;78002,4
7:28:10;2072,7;65473,9;2072,7;80826,7
7:28:11;1983,6;60398,4;1983,6;76811
7:28:12;2162,3;64608,3;2162,3;78374,7
7:28:13;1971,3;64652,7;1971,3;78937,7
7:28:14;2104,3;64333,3;2104,3;80766,3
7:28:15;2159,9;62632;2159,9;79417,1
7:28:16;2153;65626,1;2153;81430,8
7:28:17;2019,7;61882,2;2019,7;79064,3
7:28:18;2073,3;62390,2;2073,3;77954,5
7:28:19;2160,5;64818,8;2160,5;78275,9
7:28:20;2109,8;61094,1;2109,8;77660
7:28:21;2083,9;63426,5;2083,9;79303
7:28:22;2200,7;61941;2200,7;76476
7:28:23;2003,7;64483,1;2003,7;80350,6
7:28:24;2087,8;61123,9;2087,8;76545,5
7:28:25;2042;64036,8;2042;80372
7:28:26;2099,8;63699,2;2099,8;79841,7
7:28:27;2125,6;61159,9;2125,6;76702,4
7:28:28;1949;62863,9;1949;79403,8
7:28:29;2045,2;62610,8;2045,2;77145,3
7:28:30;1954,1;62314,2;1954,1;76579,5
7:28:31;1959,3;62581,3;1959,3;79824,3
7:28:32;2074,3;63212,8;2074,3;79074,7
7:28:33;1984,5;61916,2;1984,5;77135,4
7:28:34;2018,8;65020;2018,8;79079,6
7:28:35;2010,3;60461,4;2010,3;74957,8
7:28:36;2008,8;65256,8;2008,8;81566,5
7:28:37;2116,2;66068,8;2116,2;79615,4
7:28:38;1971,5;59831,3;1971,5;76913,6
7:28:39;2017,6;65800,7;2017,6;79665
7:28:40;1975,3;61331,2;1975,3;77129
7:28:41;1992,9;65841;1992,9;80051,9
7:28:42;2067;64157,6;2067;80212,9
7:28:43;1939,9;61439,9;1939,9;77709,2
7:28:44;1990,7;63529,5;1990,7;80204
7:28:45;2029,2;61681,7;2029,2;78144,2
7:28:46;2083,7;65133,9;2083,7;80415,2
7:28:47;2056,2;63469,3;2056,2;78894,5
7:28:48;1923,5;62070,8;1923,5;78330,2
7:28:49;2027,5;63393,4;2027,5;77088,2
7:28:50;2014,2;61363,1;2014,2;75911,2
7:28:51;2036,1;65183,1;2036,1;79070,3
7:28:52;2088,1;63998,9;2088,1;77615
7:28:53;2057,3;65274,9;2057,3;79862,7
7:28:54;1994,7;63389,9;1994,7;78174,3
7:28:55;2012,7;65375,8;2012,7;80906,8
7:28:56;1996,4;62594,4;1996,4;78961,6
7:28:57;2110;63778;2110;78169,6
7:28:58;1957,4;64437,4;1957,4;79217,8
7:28:59;1944,5;63149,3;1944,5;78774,6
7:29:00;2027;61660,8;2027;76684,2
7:29:01;2077,3;63852,6;2077,3;79574,9
7:29:02;2003,9;62497,8;2003,9;79644,3
7:29:03;1951,1;65958,9;1951,1;79068,1
7:29:04;2043,2;65087;2043,2;80104,7
7:29:05;2005,1;63232;2005,1;79911,4
7:29:06;2035,5;63169,7;2035,5;78494,4
7:29:07;2025,4;62029,8;2025,4;78325,7
7:29:08;1955,3;63898,5;1955,3;79236
7:29:09;1971,8;65429;1971,8;79294,8
7:29:10;2027,3;64192;2027,3;80348,4
7:29:11;1963,8;65890,3;1963,8;80680,1
7:29:12;2041,3;63797,8;2041,3;77517,1
7:29:13;2005,3;64220,4;2005,3;79192
7:29:14;2108,9;64422,3;2108,9;81179,1
7:29:15;2302,5;64098,6;2302,5;78805,8
7:29:16;2165,6;65711,9;2165,6;79655,3
7:29:17;2045,3;63366,6;2045,3;78605,8
7:29:18;2132,5;64739,3;2132,5;79553,4
7:29:19;2148,5;64612,4;2148,5;79567,1
7:29:20;1979,6;63421,4;1979,6;79801,7
7:29:21;2084,7;64653,4;2084,7;80725,8
7:29:22;2086,7;63825,2;2086,7;79280,6
7:29:23;1983,5;61548,3;1983,5;78117,8
7:29:24;1927;64631,9;1927;80737,6
7:29:25;2168,5;65387,3;2168,5;82125,1
7:29:26;2018,9;65500;2018,9;81652
7:29:27;2195,6;66185,4;2195,6;80175,5
7:29:28;2110,7;66589,3;2110,7;82258,5
7:29:29;2146,5;66092,1;2146,5;79688,6
7:29:30;2109,5;62130,1;2109,5;77686,4
7:29:31;2187,3;63371;2187,3;79272,5
7:29:32;1999,4;63473,8;1999,4;79045,8
7:29:33;1914,3;65308,3;1914,3;82478,5
7:29:34;2011,8;65511,5;2011,8;80776,1
7:29:35;1962,3;65494,5;1962,3;81669,5
7:29:36;2028,1;65423,8;2028,1;80890,7
7:29:37;2064,7;65699,1;2064,7;81170,9
7:29:38;1974;63854,6;1974;80859,3
7:29:39;2002,3;64833,8;2002,3;80590,5
7:29:40;1972;64763,5;1972;79034,6
7:29:41;2145,5;64658,7;2145,5;79293,7
7:29:42;1948;66397,8;1948;81510,4
7:29:43;1957,3;64798,8;1957,3;79748,3
7:29:44;2136,4;66244,8;2136,4;81345,5
7:29:45;2044,9;63695,9;2044,9;78962,2
7:29:46;2012,6;65535,8;2012,6;83593,8
7:29:47;2055,3;66039,5;2055,3;79947,9
7:29:49;2002,1;63185,6;2002,1;78846,5
7:29:50;1967,7;63921,9;1967,7;80170,6
7:29:51;1932,1;64144,8;1932,1;79973,2
7:29:52;2126,7;65702,3;2126,7;81037,5
7:29:53;1972;63953,4;1972;79980,2
7:29:54;2033,9;64121,7;2033,9;80587,3
7:29:55;2004,6;62711,6;2004,6;79143,7
7:29:56;1916,3;64085;1916,3;79758,7
7:29:57;2100;64879,5;2100;79056,5
7:29:58;1962,5;67432,8;1962,5;82698,9
7:29:59;2089,7;64976,3;2089,7;79464,1
7:30:00;2043,3;60640,3;2043,3;75205,5
7:30:01;1968,3;48556;1968,3;63223,8
7:30:02;2064,6;46370,3;2064,6;60130,1
7:30:03;1909,3;47152,6;1909,3;64088,5
7:30:04;1922,6;47724,4;1922,6;62546,7
7:30:05;1997,9;48715;1997,9;63596,2
7:30:06;2027;47410;2027;62119,5
7:30:07;1956,9;48033,6;1956,9;64500,7
7:30:08;1975,2;48154,1;1975,2;63665,8
7:30:09;1940,8;46986,1;1940,8;62596,9
7:30:10;2009;48465,6;2009;63611,1
7:30:11;2011,4;47453,9;2011,4;63583,8
7:30:12;2012;48477,7;2012;64769,6
7:30:13;2083,9;48045,5;2083,9;63633,8
7:30:14;1828,5;46316,8;1828,5;63671,1
7:30:15;2216,7;48372;2216,7;62858,7
7:30:16;2199,6;48511,1;2199,6;64548,4
7:30:17;2103,8;48442,7;2103,8;64679,2
7:30:18;2021,7;48156,7;2021,7;62241
7:30:19;2103,7;48855,4;2103,7;64548,8
7:30:20;2016,5;47872,7;2016,5;64794,4
7:30:21;1963,5;49098,3;1963,5;65729,8
7:30:22;2040,3;48595,4;2040,3;65338,2
7:30:23;2124,3;48381;2124,3;65048,2
7:30:24;2055;49099,1;2055;65456,3
7:30:25;2055,6;47545,4;2055,6;61549,5
7:30:26;2043,1;48995,3;2043,1;64004,2
7:30:27;2164,4;47482,8;2164,4;64780
7:30:28;2018,2;48032,1;2018,2;62722,1
7:30:29;1979,5;48035,8;1979,5;65190,1
7:30:30;2029,7;48356,2;2029,7;65261,7
7:30:31;1949;47425,3;1949;64479,8
7:30:32;2011,8;47530,8;2011,8;63133,4
7:30:33;1951,2;48302,1;1951,2;64245,7
7:30:34;1982,2;49368,9;1982,2;65711
7:30:35;1969,5;48459,6;1969,5;63726,9
7:30:36;2000,9;48817,7;2000,9;65660,1
7:30:37;2045;49125,4;2045;63206,7
7:30:38;2022,8;48707,6;2022,8;63433,5
7:30:39;1938,2;48692,9;1938,2;66095,7
7:30:40;1930;47445,5;1930;61830,5
7:30:41;2047,7;49128,8;2047,7;65483,1
7:30:42;2055,7;48646,1;2055,7;63317,8
7:30:43;1893,5;48810,2;1893,5;65437,2
7:30:44;1962,4;48851,7;1962,4;64634,2
7:30:45;2093,8;49220,9;2093,8;63889,8
7:30:46;2037,8;50434;2037,8;66210,5
7:30:47;2086,1;48909,2;2086,1;64588,7
7:30:48;1965,7;48529,1;1965,7;66305,7
7:30:49;1925,3;48827,2;1925,3;64576,2
7:30:50;1950,3;48747,1;1950,3;65147,1
7:30:51;1963,1;49666,6;1963,1;65879,2
7:30:52;2025,1;48511,9;2025,1;63948,5
7:30:53;2004,8;48972;2004,8;63694
7:30:54;1986,1;49710,4;1986,1;66008,7
7:30:55;1956;49701,8;1956;65560,8
7:30:56;2035,7;49803,9;2035,7;65021,1
7:30:57;2071,8;49351;2071,8;63989,6
7:30:58;1913;48919,6;1913;66805,8
7:30:59;2006,4;50240,7;2006,4;65617,3
7:31:00;2030,7;48499,1;2030,7;63922,8
7:31:01;1947,6;48022,4;1947,6;63489,7
7:31:02;2058,6;50183,7;2058,6;65009,3
7:31:03;2036,7;48493,5;2036,7;63813
7:31:04;2026,1;49549,5;2026,1;66237
7:31:05;1979,2;48704,5;1979,2;65041,6
7:31:06;1979,8;49718,1;1979,8;63545,9
7:31:07;2006,5;48914,4;2006,5;64840,8
7:31:08;1968,6;48547,2;1968,6;63853,5
7:31:09;1958,1;48436,6;1958,1;64771,3
7:31:10;2062,2;50058,7;2062,2;64979,5
7:31:11;1997,5;48843,2;1997,5;64294,9
7:31:12;1997,4;48502,3;1997,4;64546,1
7:31:13;2004,9;48438,6;2004,9;64388,2
7:31:14;1921,4;48484,7;1921,4;65145,8
7:31:15;2152,4;48197,2;2152,4;61994
7:31:16;2020;48410;2020;63699,8
7:31:17;2259,4;48600,8;2259,4;62398,4
7:31:18;2092,9;48405,5;2092,9;64821,2
7:31:19;2175,8;49444,7;2175,8;64281,1
7:31:20;2015,1;49785,2;2015,1;65161,8
7:31:21;2051,7;49336,3;2051,7;65240,9
7:31:22;2110,9;49769,6;2110,9;64495,5
7:31:23;1981,7;49855,5;1981,7;66348,9
7:31:24;2020,4;49194,8;2020,4;63775,9
7:31:25;2028;48624,3;2028;64041,1
7:31:26;2007,3;48808,7;2007,3;65671,1
7:31:27;2159,3;48936,3;2159,3;64927,7
7:31:28;1998,9;48555,3;1998,9;66720,5
7:31:29;1972;49439,2;1972;65556,6
7:31:30;2100,3;49065,3;2100,3;63627,3
7:31:31;2085,3;48842,3;2085,3;66103,5
7:31:32;2049,9;50109,4;2049,9;67234,6
7:31:33;1974,2;49130,1;1974,2;65674,9
7:31:34;1943,2;49358,6;1943,2;65295,8
7:31:35;2008,2;50471,4;2008,2;66461,6
7:31:36;2023,5;51327;2023,5;65421,4
7:31:37;2197,8;52048,1;2197,8;64102
7:31:38;1941,3;49566,7;1941,3;65454,1
7:31:39;1985,5;49496,4;1985,5;65782,7
7:31:40;2022,1;50603,2;2022,1;67671,6
7:31:41;2116;51722,1;2116;65982,1
7:31:42;2043,2;51710;2043,2;66091,2
7:31:43;2006,5;50714,2;2006,5;66757,7
7:31:44;1983,3;49458,3;1983,3;65651,6
7:31:45;2101,1;51567,9;2101,1;67884,2
7:31:46;2021,3;52011,5;2021,3;67480,8
7:31:47;1994,9;50043,4;1994,9;64826,5
7:31:48;2009,5;50457,5;2009,5;65189,4
7:31:49;1982,5;50238,7;1982,5;66148,3
7:31:50;1986,3;50703,7;1986,3;65110,5
7:31:51;1952,2;50557,2;1952,2;66950,1
7:31:52;2038,5;50673,4;2038,5;66231,2
7:31:53;1926,8;49320,6;1926,8;66087,4
7:31:54;2015,7;51014,4;2015,7;66086,1
7:31:56;1967;50286,8;1967;66277,2
7:31:57;1978,1;51300,8;1978,1;66934
7:31:58;1964,5;49891,9;1964,5;67666,2
7:31:59;1865,6;49522;1865,6;65894,3
7:32:00;1905,2;50432,4;1905,2;66707,5
7:32:01;2140,1;51382,6;2140,1;65117,4
7:32:02;1981,6;51452,5;1981,6;67992,5
7:32:03;2086,5;51220,3;2086,5;65392,6
7:32:04;1967,6;49574,1;1967,6;64536,1
7:32:05;1979,3;49802,8;1979,3;64619,8
7:32:06;1912,9;50785,9;1912,9;66527,6
7:32:07;1979,3;48957,2;1979,3;64536,9
7:32:08;1955,5;49717,7;1955,5;65475,1
7:32:09;2042;49864,2;2042;64189,2
7:32:10;1979,6;49116,1;1979,6;63254
7:32:11;2028;50799,1;2028;65472,4
7:32:12;1975,3;50242,8;1975,3;65800
7:32:13;2018,1;49693;2018,1;64599,7
7:32:14;1987;50212,1;1987;65471,3
7:32:15;2186,1;50423,5;2186,1;65064,1
7:32:16;2129,9;50166,9;2129,9;65768,4
7:32:17;2093,5;50566,4;2093,5;66192,2
7:32:18;1975,9;50509,6;1975,9;66126
7:32:19;2054,9;49486,7;2054,9;66205
7:32:20;2000,6;51198,4;2000,6;65769
7:32:21;2012;50777,4;2012;67264
7:32:22;2234,6;51942,5;2234,6;65990,7
7:32:23;2000,4;50300;2000,4;65869
7:32:24;2136,6;51041,1;2136,6;65374
7:32:25;1958,5;48836,1;1958,5;64597
7:32:26;2203,3;51512;2203,3;65905,7
7:32:27;2116,9;49595,2;2116,9;64277,8
7:32:28;2191,3;51440,4;2191,3;64732,6
7:32:29;2018,7;51448;2018,7;67382
7:32:30;2150,4;50361,9;2150,4;66815,2
7:32:31;1932,2;51174,1;1932,2;67857,2
7:32:32;2076,7;50458;2076,7;66169,2
7:32:33;1992,5;48823,9;1992,5;64611,4
7:32:34;1988,6;50979,6;1988,6;65285,1
7:32:35;1931,8;50980,1;1931,8;68031,8
7:32:36;1945,2;50241,4;1945,2;66415,7
7:32:37;1981,6;52705;1981,6;68228,8
7:32:38;1963,6;50384,9;1963,6;66540,5
7:32:39;1990,1;50674,1;1990,1;67048,6
7:32:40;1992,9;51606,9;1992,9;65183,2
7:32:41;1954,9;50119,5;1954,9;65872,3
7:32:42;2131,6;51524,7;2131,6;65610
7:32:43;2035,6;51697;2035,6;66450,5
7:32:44;1880,4;50855,9;1880,4;67684,9
7:32:45;2040,7;50249,3;2040,7;66273,7
7:32:46;1921,1;50820,1;1921,1;67698,1
7:32:47;1935,2;49299;1935,2;65618,1
7:32:48;2000,7;50104,2;2000,7;63442,6
7:32:49;1971,1;50812,2;1971,1;67128,2
7:32:50;1974,6;51991,1;1974,6;66461,9
7:32:51;1919,3;49699,6;1919,3;66938,8
7:32:52;2011,5;51529,7;2011,5;67290,3
7:32:53;1904,1;50269,2;1904,1;66139,6
7:32:54;2022,7;50836,2;2022,7;65676,4
7:32:55;1978,8;51065,9;1978,8;68089,8
7:32:56;1939,6;51292,8;1939,6;67834,3
7:32:57;2014,5;50182,2;2014,5;65569,3
7:32:58;1985,2;50554,5;1985,2;66098,1
7:32:59;1907,4;51062,2;1907,4;66996,9
7:33:00;2009,4;50635,1;2009,4;67221,1
7:33:01;1990,7;50006,8;1990,7;64336,2
7:33:02;2007,5;50280,7;2007,5;64813,4
7:33:03;1985,4;50691,4;1985,4;66017,8
7:33:04;2035,3;51448,4;2035,3;66440,8
7:33:05;1935,5;51248,2;1935,5;67169,1
7:33:06;1915,8;51968,2;1915,8;65738,4
7:33:07;2014,9;52864,6;2014,9;67552
7:33:08;2000,1;50286,9;2000,1;66321,8
7:33:09;1953,2;52268,6;1953,2;68245,5
7:33:10;1964,6;50825;1964,6;67227,6
7:33:11;1983,5;51319,8;1983,5;67681,1
7:33:12;1916,2;51820,5;1916,2;68898,2
7:33:13;2019,1;51741,3;2019,1;67110,2
7:33:14;2149,3;51380,1;2149,3;66038,8
7:33:15;2084,4;50732,4;2084,4;68058,9
7:33:16;2146,5;52402,6;2146,5;68519,6
7:33:17;1984;51517;1984;67894
7:33:18;2108,7;52827,3;2108,7;67567,9
7:33:19;2052,4;52078,9;2052,4;69563,9
7:33:20;2054,8;52768,6;2054,8;67117
7:33:21;1959,3;52319,8;1959,3;67522,4
7:33:22;2207,1;51359,8;2207,1;67493,3
7:33:23;2060,5;51853,5;2060,5;67180
7:33:24;1843,7;52005,3;1843,7;68322,6
7:33:25;1887,5;50923,6;1887,5;66707,4
7:33:26;2088,3;51378;2088,3;66943,4
7:33:27;2075,8;52993,4;2075,8;68473,6
7:33:28;1889,3;51609,4;1889,3;67069,7
7:33:29;1933,7;53443,3;1933,7;70007,7
7:33:30;1993,9;50310,9;1993,9;65018,8
7:33:31;1957,4;51938,3;1957,4;67511,3
7:33:32;2032,3;51845,4;2032,3;67444,8
7:33:33;2072,9;52521,6;2072,9;67646,5
7:33:34;1974,4;52525,6;1974,4;69235,6
7:33:35;2002,8;52024,5;2002,8;68457,1
7:33:36;1918,3;53020,5;1918,3;68409,1
7:33:37;1944;51831,4;1944;68125,5
7:33:38;2024,5;52352,2;2024,5;66962,6
7:33:39;2037,4;53081,9;2037,4;68287,8
7:33:40;1977;52584,5;1977;68659,5
7:33:41;1980,4;52121,1;1980,4;67862,7
7:33:42;1993,4;51385,9;1993,4;68098
7:33:43;1986;51984,8;1986;67575
7:33:44;2014,7;52217,1;2014,7;68528,1
7:33:45;2073,4;51221,9;2073,4;68822
7:33:46;1882,4;52107,9;1882,4;70398,5
7:33:47;1960,3;51645,1;1960,3;68381
7:33:48;1917,5;53057;1917,5;68727,1
7:33:49;2005;52508,8;2005;69517,4
7:33:50;1919;53258,4;1919;69788
7:33:51;2048,4;52596,3;2048,4;68497,1
7:33:52;2067,3;52947,1;2067,3;67177
7:33:53;1942,7;53013,2;1942,7;69922,9
7:33:54;1923,7;51699,6;1923,7;68628,8
7:33:55;1987,7;52122,2;1987,7;68573,7
7:33:56;2015;52810,4;2015;68250,4
7:33:57;2113,6;53163,1;2113,6;67183,8
7:33:58;2073,8;54571,8;2073,8;67795,5
7:33:59;2041,5;51635,4;2041,5;66754,7
7:34:00;1957,2;51592,6;1957,2;69209,2
7:34:01;2043,1;52276,7;2043,1;67345
7:34:02;1994,9;51510,9;1994,9;66519,2
7:34:04;1937,1;52380,3;1937,1;68684,4
7:34:05;1932,7;51776;1932,7;68334,7
7:34:06;1995,8;51076,3;1995,8;66994,7
7:34:07;2065;52458,6;2065;68011,3
7:34:08;1999,3;52603,4;1999,3;67530,7
7:34:09;2019,5;53494,2;2019,5;67668,7
7:34:10;2004,2;51257,1;2004,2;66596,8
7:34:11;1902,5;50916,3;1902,5;68330,5
7:34:12;2035,4;52616,7;2035,4;68733,4
7:34:13;2005,4;53079,4;2005,4;68251,1
7:34:14;2058,3;51327,7;2058,3;63940,3
7:34:15;2105,7;52771,3;2105,7;67475,1
7:34:16;1984,7;51341,9;1984,7;68714,3
7:34:17;2091,8;52994,3;2091,8;66909,2
7:34:18;1843,4;53032,3;1843,4;68160,9
7:34:19;2095,9;52761,1;2095,9;67859,6
7:34:20;2019,4;53630,6;2019,4;68052,6
7:34:21;2157;53963;2157;67837,8
7:34:22;2317,5;52917,4;2317,5;67458,6
7:34:23;2105,9;54032,3;2105,9;69166,6
7:34:24;1967,2;53362,3;1967,2;69075,7
7:34:25;2206,8;53504,1;2206,8;69337,9
7:34:26;2025,6;52762,8;2025,6;68619,3
7:34:27;2022,4;51912,1;2022,4;68227,2
7:34:28;2003,1;53350,8;2003,1;68390,4
7:34:29;1976,5;51548,2;1976,5;68598,2
7:34:30;2044;52862,3;2044;69349,1
7:34:31;2004,7;52853,6;2004,7;68121,2
7:34:32;2016,5;54082,4;2016,5;69114,2
7:34:33;2105,2;53602,6;2105,2;68180,9
7:34:34;2192,2;53943,6;2192,2;69078,3
7:34:35;2128,6;52759;2128,6;67898
7:34:36;2040;51728,6;2040;66293,8
7:34:37;2122,4;52447,7;2122,4;66457,6
7:34:38;2134,8;52893,4;2134,8;68619,8
7:34:39;2175;54377,6;2175;68850,6
7:34:40;2052,3;51721,4;2052,3;66421,1
7:34:41;2073,7;52402,3;2073,7;67024,7
7:34:42;2059,9;54928,4;2059,9;70740,1
7:34:43;2074,8;54356,5;2074,8;69908,1
7:34:44;1998,6;53817,4;1998,6;70961,6
7:34:45;2072,3;54170,4;2072,3;69062,5
7:34:46;2025;52700,3;2025;69364,8
7:34:47;2077,8;53090,7;2077,8;67321,7
7:34:48;1989,5;51876,3;1989,5;68791,3
7:34:49;1938,6;53785,5;1938,6;69840,5
7:34:50;2038,5;53265,7;2038,5;66947,2
7:34:51;2039,4;52490,3;2039,4;67064
7:34:52;2093;53407,1;2093;68443,1
7:34:53;2050;53133,8;2050;68571,4
7:34:54;2074,4;53281,1;2074,4;67063,6
7:34:55;2039,9;54428,1;2039,9;68907
7:34:56;1977,4;53106,4;1977,4;69880,7
7:34:57;1959,4;53618,2;1959,4;69936,9
7:34:58;1920,8;53870,2;1920,8;68826,6
7:34:59;2108,9;54322,5;2108,9;70209,2
7:35:00;2031,4;52598,9;2031,4;68223,4
7:35:01;2017,3;54129,2;2017,3;69001,1
7:35:02;2133,9;52691,4;2133,9;67167
7:35:03;1978,9;54364,4;1978,9;70452,3
7:35:04;2012,4;53416,7;2012,4;69894,3
7:35:05;1951;54079,2;1951;69429
7:35:06;2006,8;53445,8;2006,8;68360,8
7:35:07;2048,8;52262,9;2048,8;66598,3
7:35:08;1971,4;52545,1;1971,4;68032,5
7:35:09;1984,2;53562,9;1984,2;69872,6
7:35:10;1971,7;51546;1971,7;67184,4
7:35:11;2013,8;52396,2;2013,8;67485,1
7:35:12;2038,8;52101,6;2038,8;68754,5
7:35:13;1951,2;53831,1;1951,2;69518,6
7:35:14;2055,3;55331,9;2055,3;68279,4
7:35:15;2164,1;54323,2;2164,1;69095,9
7:35:16;1999,5;52783,1;1999,5;70208,3
7:35:17;2068,3;54121,7;2068,3;69978,6
7:35:18;2062,2;53061;2062,2;68448,1
7:35:19;1974,9;54978,7;1974,9;70893,3
7:35:20;2138,9;55315,7;2138,9;69117,7
7:35:21;2059,7;53970,7;2059,7;71345,4
7:35:22;2138,5;53523,5;2138,5;69526,5
7:35:23;2063,2;55058,3;2063,2;70489,4
7:35:24;2039,3;54886,4;2039,3;70342
7:35:25;2066,6;54328,8;2066,6;70086,6
7:35:26;2033,1;52700,1;2033,1;68806,4
7:35:27;2071,2;56353,7;2071,2;70849,3
7:35:28;1988,8;55108,9;1988,8;71016,1
7:35:29;1932;55145,8;1932;71779,6
7:35:30;1967,8;54954,7;1967,8;70891,8
7:35:31;2042,7;56726,4;2042,7;70970,5
7:35:32;2051,2;54109,2;2051,2;70072,5
7:35:33;2117,5;54966;2117,5;70804,3
7:35:34;2023,7;54495;2023,7;68269,5
7:35:35;2129,3;56178,4;2129,3;69246,3
7:35:36;2032,1;54721;2032,1;70736,9
7:35:37;2041,3;52793,2;2041,3;69645,8
7:35:38;1998,7;53433,1;1998,7;69228,3
7:35:39;1975,5;53654,6;1975,5;68092,9
7:35:40;1941;54636,7;1941;69391,6
7:35:41;2143,1;56029,2;2143,1;70321,4
7:35:42;1942;53191,9;1942;71763,6
7:35:43;1960,2;54699,6;1960,2;70926,5
7:35:44;2029,1;55012,6;2029,1;71286
7:35:45;2090,1;54940,2;2090,1;70022,7
7:35:46;2135,7;54473;2135,7;69823,9
7:35:47;2018,6;54560,2;2018,6;70899,3
7:35:48;2138,9;54364,4;2138,9;68925,2
7:35:49;2073,9;54618,4;2073,9;69802,7
7:35:50;1955,6;54504,2;1955,6;72164,2
7:35:51;2056,4;55797,7;2056,4;71284,2
7:35:52;2092,3;55311,6;2092,3;70379,4
7:35:53;2061,5;55296;2061,5;71111
7:35:54;1983,2;56952,3;1983,2;73209,3
7:35:55;1958;55594,3;1958;71274,5
7:35:56;2337,3;55674,3;2337,3;70656,1
7:35:57;2179,5;54870;2179,5;69950,6
7:35:58;1948,8;55521,8;1948,8;73037
7:35:59;2040,4;54211,8;2040,4;69214,5
7:36:00;2092,4;54642,1;2092,4;70590,6
7:36:01;2214,7;56038,9;2214,7;71062,4
7:36:02;2051,1;56183,6;2051,1;70009,5
7:36:03;2136,3;54227,8;2136,3;68805,4
7:36:04;2050;54986,3;2050;70996,8
7:36:05;1939,1;55023;1939,1;71943,4
7:36:06;2041,2;54664,4;2041,2;69507
7:36:07;2070,3;57070,8;2070,3;70819,9
7:36:08;2047,2;55504,3;2047,2;70647
7:36:09;2014;55990,6;2014;70215,4
7:36:10;2112;55682,2;2112;71483,2
7:36:12;2056,5;54206,6;2056,5;71636,6
7:36:13;1930,1;55015,5;1930,1;71644,3
7:36:14;1896,8;54489,5;1896,8;73469,4
7:36:15;1983,5;53939,5;1983,5;71332,7
7:36:16;1986,9;54697,7;1986,9;71841,8
7:36:17;2031,3;55530,7;2031,3;72299,4
7:36:18;2015;56874,3;2015;72748,8
7:36:19;2158,6;55644,2;2158,6;69454,7
7:36:20;2025,1;55449,3;2025,1;71617,9
7:36:21;2172,7;55620,4;2172,7;71323,2
7:36:22;2292,2;56299,2;2292,2;70660,1
7:36:23;1976,1;54339,4;1976,1;71080,1
7:36:24;1902,3;54082,7;1902,3;69601,8
7:36:25;2244,7;55582,3;2244,7;70858,8
7:36:26;2016,8;56133,9;2016,8;71469,8
7:36:27;2089,8;55715,7;2089,8;70711,6
7:36:28;2134,7;54427,3;2134,7;71226,5
7:36:29;1982,2;56523,4;1982,2;72145,3
7:36:30;2118,1;55955,6;2118,1;72313,7
7:36:31;2054,7;54896,8;2054,7;70744,9
7:36:32;2216,8;56290;2216,8;70900
7:36:33;2093,1;55090,8;2093,1;70027,1
7:36:34;2140,5;56172,7;2140,5;71141,8
7:36:35;1939,8;54210,4;1939,8;70717,1
7:36:36;2027,7;56085;2027,7;70652
7:36:37;2146,2;55407,3;2146,2;69307,5
7:36:38;2060,2;58814,4;2060,2;72917,4
7:36:39;2032,7;55819,8;2032,7;69670,4
7:36:40;2038,7;56090,7;2038,7;70554
7:36:41;2005,4;55441,1;2005,4;70628,8
7:36:42;2090,3;54495,2;2090,3;69550,5
7:36:43;2043,2;55288,8;2043,2;68249,1
7:36:44;2112,2;57039;2112,2;72397,2
7:36:45;2081,7;55266;2081,7;69101,5
7:36:46;2027,3;56060,8;2027,3;71481,4
7:36:47;2050,7;55735,1;2050,7;70346,5
7:36:48;1997,4;56503,8;1997,4;72649,5
7:36:49;2072,7;55645,6;2072,7;70793,2
7:36:50;2051,5;55897,6;2051,5;69942,8
7:36:51;1990,6;55922,2;1990,6;71221,7
7:36:52;1964,4;57501,7;1964,4;74892,5
7:36:53;1946,7;56051,3;1946,7;73870
7:36:54;2001,1;56587,2;2001,1;72191,6
7:36:55;2016,2;55983,4;2016,2;72423,4
7:36:56;1965,9;55475,8;1965,9;71318,1
7:36:57;2047,3;56666,9;2047,3;72505,6
7:36:58;2066,4;57778;2066,4;71291,7
7:36:59;2020,3;54776,4;2020,3;71285,8
7:37:00;2089;56295,6;2089;71808,1
7:37:01;2004,5;56273,8;2004,5;71799
7:37:02;2061,7;57894,6;2061,7;73052,3
7:37:03;1974,9;55187;1974,9;73921,7
7:37:04;1977;57630,3;1977;74135,7
7:37:05;2001,7;56301,9;2001,7;72502,1
7:37:06;2051,2;58370,2;2051,2;73461,1
7:37:07;1963,2;56310,2;1963,2;73694,1
7:37:08;1915,5;55262,7;1915,5;71229,8
7:37:09;1960,8;54356,9;1960,8;71943,1
7:37:10;2013,9;54785;2013,9;70076
7:37:11;2025,4;56192,9;2025,4;71768,7
7:37:12;1980,5;53903,6;1980,5;71439,6
7:37:13;1989,3;55958;1989,3;71894,9
7:37:14;2048;55217,1;2048;71022,3
7:37:15;2059,9;56651,3;2059,9;74663,3
7:37:16;1984,7;57390,4;1984,7;72385,8
7:37:17;2056,7;56431,7;2056,7;70319,8
7:37:18;1945,6;56264,6;1945,6;71780,6
7:37:19;1895,9;55624,3;1895,9;73361,9
7:37:20;2079,8;56779,3;2079,8;71209,7
7:37:21;2139,7;56845;2139,7;72147
7:37:22;2271,1;56012,5;2271,1;70260,1
7:37:23;2167,4;56477,3;2167,4;71129,1
7:37:24;2227,8;55705;2227,8;70778,4
7:37:25;2024,2;55519,2;2024,2;70585,7
7:37:26;2072,7;57133,8;2072,7;71872,8
7:37:27;2157,9;54986,1;2157,9;71078
7:37:28;2072,4;55970,6;2072,4;70632,5
7:37:29;1956,8;56058,6;1956,8;72648,4
7:37:30;2137,8;56470,6;2137,8;71596,4
7:37:31;2255,6;56438,3;2255,6;72649,6
7:37:32;2069,3;57065,1;2069,3;72714,7
7:37:33;2095,6;58585;2095,6;71922,9
7:37:34;2062,3;55240,8;2062,3;70169,3
7:37:35;2119,2;55952,8;2119,2;69986,7
7:37:36;2007,8;54355,7;2007,8;70191,9
7:37:37;2088,2;57068,7;2088,2;72720,3
7:37:38;2029,7;57106,7;2029,7;72502,1
7:37:39;2078,1;57165,8;2078,1;72034,6
7:37:40;2043,7;56764,1;2043,7;73621,1
7:37:41;2018,3;56556,7;2018,3;71934,1
7:37:42;2090,9;57208,5;2090,9;72334,1
7:37:43;1929,3;55405,2;1929,3;69932,4
7:37:44;2058,8;55556,9;2058,8;69945,5
7:37:45;2045,7;55350,3;2045,7;72729,6
7:37:46;2052;57034,2;2052;70807,2
7:37:47;2027,6;57063,6;2027,6;73695,5
7:37:48;1953;56598,9;1953;73677,2
7:37:49;2061,2;56812,8;2061,2;70376,2
7:37:50;1905,3;56173,6;1905,3;72369,3
7:37:51;2011,3;56795,9;2011,3;72935,6
7:37:52;2027,3;56528,1;2027,3;72424,8
7:37:53;1932,6;58020,5;1932,6;73542,4
7:37:54;1972,3;57100,7;1972,3;73283
7:37:55;1978,8;58537,5;1978,8;74972,1
7:37:56;1971,8;55706,5;1971,8;70961,5
7:37:57;2109,2;57407,2;2109,2;71816,4
7:37:58;1981;57705,5;1981;72802,5
7:37:59;1963,4;56237,2;1963,4;71600,5
7:38:00;2084,3;56029,4;2084,3;71546,5
7:38:01;2100,3;56888,2;2100,3;70676,9
7:38:02;1975,2;56290;1975,2;72306,9
7:38:03;1976,1;57447,6;1976,1;74535,7
7:38:04;1892;55723;1892;71889,5
7:38:05;1991,4;56962,2;1991,4;72769,9
7:38:06;2055,3;56634,3;2055,3;72234,7
7:38:07;2015,2;57175,1;2015,2;74654
7:38:08;1999,4;55664,4;1999,4;71745,5
7:38:09;2113;58622,8;2113;73102,2
7:38:10;2025,9;57602,4;2025,9;71561,2
7:38:11;2081,7;57616,3;2081,7;72804
7:38:12;2035;56184,6;2035;70167
7:38:13;1979,4;56181,4;1979,4;71123,2
7:38:14;2101,3;59549,9;2101,3;74695,4
7:38:15;2071,9;57991,5;2071,9;73361,7
7:38:16;2106,4;58160,8;2106,4;72310,9
7:38:17;2022,5;57939,7;2022,5;73708,5
7:38:18;1999,1;55799,7;1999,1;70590,2
7:38:20;2037,7;57340,4;2037,7;71399,5
7:38:21;1951,9;56405,9;1951,9;72269
7:38:22;2104,3;58489,6;2104,3;72918
7:38:23;2124,7;60436,1;2124,7;73045,2
7:38:24;2093,4;57741,8;2093,4;72497,7
7:38:25;2045,3;58261,2;2045,3;72306
7:38:26;2103,7;57304,8;2103,7;72357,6
7:38:27;2142,4;57240,1;2142,4;73996,8
7:38:28;2171,5;57277,1;2171,5;72799,8
7:38:29;2057,1;56078,1;2057,1;72925,5
7:38:30;2176,4;59089,6;2176,4;73278
7:38:31;2149,9;57655,4;2149,9;71685,3
7:38:32;2157,5;55955,5;2157,5;71766
7:38:33;2063,2;57316,6;2063,2;71086,3
7:38:34;1923,9;57195,8;1923,9;73255,9
7:38:35;2105,2;57806,5;2105,2;72344,1
7:38:36;2096,5;58514,4;2096,5;73027,3
7:38:37;2048,8;57738,3;2048,8;73878,2
7:38:38;1989,4;55939,9;1989,4;72636,5
7:38:39;1887,9;54101,3;1887,9;72039,1
7:38:40;2218,6;58770,6;2218,6;74478,6
7:38:41;2155,9;56958,6;2155,9;72249,3
7:38:42;2022,1;57358,5;2022,1;71513,2
7:38:43;1995,1;55882;1995,1;73383,6
7:38:44;2123,3;58938;2123,3;73058,7
7:38:45;2041,1;56933;2041,1;73204,3
7:38:46;2059,7;57639,7;2059,7;72225,1
7:38:47;2077;58291,7;2077;73196,8
7:38:48;2020,2;56392,4;2020,2;73191
7:38:49;1965,2;56342,3;1965,2;73569,8
7:38:50;2010,8;57587,9;2010,8;73692,8
7:38:51;1993,9;58093,9;1993,9;74291,8
7:38:52;2091,1;59021,4;2091,1;74017,1
7:38:53;2007;59129,5;2007;74787,2
7:38:54;1949,4;57142,7;1949,4;74381,9
7:38:55;2024,2;60924;2024,2;75243,5
7:38:56;1936,4;57267,8;1936,4;74506,6
7:38:57;1977,6;56912,2;1977,6;73217,4
7:38:58;2027,1;57612,5;2027,1;73827,5
7:38:59;2041,4;57462,4;2041,4;72867
7:39:00;2100;59509,8;2100;75187,1
7:39:01;1941,9;58543;1941,9;75128,2
7:39:02;2092,4;57024,4;2092,4;72434,5
7:39:03;1891,7;57657,9;1891,7;73104,7
7:39:04;2021,4;58004,3;2021,4;74452,5
7:39:05;1917,4;55866,4;1917,4;71480,8
7:39:06;2049;58112,6;2049;73184,4
7:39:07;2062,5;58452,8;2062,5;72755,6
7:39:08;2053,1;58826;2053,1;72948,1
7:39:09;2050,2;57726,3;2050,2;73658,1
7:39:10;1973,9;56799,4;1973,9;73940,3
7:39:11;2039,2;58485,7;2039,2;73001,2
7:39:12;1883,6;58058;1883,6;75377,5
7:39:13;1950,1;57089;1950,1;73836,5
7:39:14;2081,1;58072,1;2081,1;73597,5
7:39:15;2055,2;58517,5;2055,2;72613,5
7:39:16;2069;59864,3;2069;76360,8
7:39:17;2050,8;58154,4;2050,8;74367,8
7:39:18;1953,1;58103,4;1953,1;73901,7
7:39:19;2028;58629,7;2028;72657,3
7:39:20;2012,7;60724,6;2012,7;75929,7
7:39:21;1943;59621,2;1943;76665,6
7:39:22;2013;57377,9;2013;72620,6
7:39:23;1966,7;58782,8;1966,7;74525,3
7:39:24;2065,4;57849,6;2065,4;71962,9
7:39:25;1920,2;60348,6;1920,2;77546,8
7:39:26;2086,1;56829,1;2086,1;72682,5
7:39:27;2328,5;60765,3;2328,5;73053,3
7:39:28;2164;57228,6;2164;72645,6
7:39:29;2040,2;56688,8;2040,2;73670,9
7:39:30;2103,1;58364,1;2103,1;72811
7:39:31;2131,3;59348,4;2131,3;74430,4
7:39:32;2161,7;57931,9;2161,7;72851,4
7:39:33;2029,1;57708;2029,1;73547,4
7:39:34;2070,2;58401,5;2070,2;72337,4
7:39:35;1965,8;57166,1;1965,8;72433,9
7:39:36;2186,4;58644,4;2186,4;74084,3
7:39:37;2079,5;57488,2;2079,5;73517,4
7:39:38;2110,2;58227,1;2110,2;74669
7:39:39;2066,4;58530,3;2066,4;73722,9
7:39:40;2037;59839,8;2037;74850,9
7:39:41;2085;57901;2085;73396,5
7:39:42;2035,2;60344,2;2035,2;75967
7:39:43;2013,6;60044,4;2013,6;74994,5
7:39:44;2134,4;59625,4;2134,4;77176,2
7:39:45;2084,3;60864,2;2084,3;76689,6
7:39:46;2048,6;60485;2048,6;76230,6
7:39:47;2009,5;59657,7;2009,5;76033,9
7:39:48;1986,8;59717;1986,8;75150,7
7:39:49;2013,8;59654,5;2013,8;74934,4
7:39:50;2026,6;60482;2026,6;75286,3
7:39:51;2013,2;61036,4;2013,2;74679,8
7:39:52;2050,2;60402,4;2050,2;75779,5
7:39:53;2052,8;59624,2;2052,8;74147,9
7:39:54;2050,6;60318;2050,6;75782,6
7:39:55;2062,9;60464,4;2062,9;75039,8
7:39:56;2003,3;56408,6;2003,3;72568,8
7:39:57;1942;57955,1;1942;74639,2
7:39:58;2045,5;60153,1;2045,5;74654,1
7:39:59;2081,2;60017,1;2081,2;73814,5
7:40:00;2052,6;60079;2052,6;76486,7
7:40:01;1974,5;61600,2;1974,5;77819,8
7:40:02;2151,7;60537,3;2151,7;75584,2
7:40:03;1999,7;60860,1;1999,7;77734,1
7:40:04;2080,9;59673;2080,9;75152,6
7:40:05;1903,3;58707,1;1903,3;72844,4
7:40:06;2078,6;60347,8;2078,6;75495,1
7:40:07;2133,9;60611,6;2133,9;76116,2
7:40:08;2005,7;60998,3;2005,7;76426,8
7:40:09;2020,5;61357;2020,5;77471,2
7:40:10;1971,2;60197,8;1971,2;75472,8
7:40:11;2020;62823,9;2020;78291,6
7:40:12;2061,7;58761,7;2061,7;73824,5
7:40:13;2105,4;60286,7;2105,4;74857,9
7:40:14;2064;62149,7;2064;77113
7:40:15;2071,6;61577,3;2071,6;77156,9
7:40:16;1974,6;58512;1974,6;77000,5
7:40:17;2074,4;59648;2074,4;74625,6
7:40:18;2019,3;63461,6;2019,3;77391
7:40:19;2051,8;60796;2051,8;75086,9
7:40:20;2068,5;58537,4;2068,5;73834,8
7:40:21;2121,9;62155,1;2121,9;77246,4
7:40:22;1961;61291,4;1961;76832
7:40:23;1992,7;58320;1992,7;72625,2
7:40:24;2080,1;57171,9;2080,1;69819,2
7:40:25;1975,9;58110,7;1975,9;73703,2
7:40:26;2226,1;60708,7;2226,1;76047,3
7:40:28;2084,2;58871,3;2084,2;74532,1
7:40:29;2134,6;59033,3;2134,6;75802,6
7:40:30;2085,5;60136,1;2085,5;73075,3
7:40:31;2059,5;58162,2;2059,5;74183,6
7:40:32;2256,1;60967,1;2256,1;74945,5
7:40:33;2035,8;60277,1;2035,8;75414,5
7:40:34;1979,6;58499;1979,6;72939,1
7:40:35;2199,9;59500,6;2199,9;75316
7:40:36;1922,5;58980,4;1922,5;76395,5
7:40:37;1987,1;59613,2;1987,1;75322,7
7:40:38;1939,4;58126,3;1939,4;74749,4
7:40:39;2153,8;59458,7;2153,8;75173,7
7:40:40;2028,1;62602,3;2028,1;78183,3
7:40:41;2150,2;61349,1;2150,2;75333,4
7:40:42;2101,9;58340,9;2101,9;73681
7:40:43;2134,9;60797,5;2134,9;76983,7
7:40:44;2011,1;60156,6;2011,1;75308,6
7:40:45;2104;58839,2;2104;74842,3
7:40:46;1996,9;59062,2;1996,9;74707,5
7:40:47;2107,2;59965,4;2107,2;75548,3
7:40:48;2040;59467,6;2040;75453,8
7:40:49;2100,7;62347,5;2100,7;75499,5
7:40:50;2040,6;62539,5;2040,6;77367,6
7:40:51;1952,5;61507,6;1952,5;77610,7
7:40:52;2033,4;58616,4;2033,4;74314
7:40:53;1955,4;59796,5;1955,4;76887,1
7:40:54;1977,9;59404,2;1977,9;76099,2
7:40:55;2023,7;59912,9;2023,7;75787,9
7:40:56;2014,6;60705,9;2014,6;76152,2
7:40:57;2164,1;59263,4;2164,1;74373,1
7:40:58;2000,1;62717,7;2000,1;77069,8
7:40:59;2019,4;60995,8;2019,4;76805,8
7:41:00;1972,6;59005,7;1972,6;77240
7:41:01;1988,6;59219,6;1988,6;75166,9
7:41:02;2102,4;61005,6;2102,4;76921,7
7:41:03;1933,4;59861,7;1933,4;76639,5
7:41:04;2060,9;60009,4;2060,9;74744,9
7:41:05;1999,5;61539,2;1999,5;77380,2
7:41:06;1984,8;60991,6;1984,8;77397,7
7:41:07;2034,6;59093,8;2034,6;73954
7:41:08;2067,1;60657,3;2067,1;75153,5
7:41:09;2020,5;61717,7;2020,5;78407,1
7:41:10;1950,1;58918,7;1950,1;75669,7
7:41:11;2003,5;62705,6;2003,5;78485,6
7:41:12;1995,2;60316,2;1995,2;75308,2
7:41:13;2033,9;60821,4;2033,9;74713,6
7:41:14;1958,3;59085,6;1958,3;76684,5
7:41:15;2076,5;62583,7;2076,5;77898,5
7:41:16;1987,1;60146,3;1987,1;75848,3
7:41:17;1983,1;60940,9;1983,1;76712,4
7:41:18;1939,7;59585,2;1939,7;75897
7:41:19;2070,4;61441,2;2070,4;76227,8
7:41:20;2018,2;61537,4;2018,2;77495,4
7:41:21;1969,3;57837;1969,3;74963
7:41:22;1906,5;61420,1;1906,5;77016,8
7:41:23;2105,4;63170,7;2105,4;79800,7
7:41:24;2058,1;61888,7;2058,1;76458,6
7:41:25;1936,6;61339,3;1936,6;75681,1
7:41:26;2094,9;62415,4;2094,9;77565,4
7:41:27;2157,9;58277,4;2157,9;75006,5
7:41:28;2209,5;62418,2;2209,5;77896,8
7:41:29;2088,4;59838,1;2088,4;75995,6
7:41:30;2027,2;61227,3;2027,2;77048,7
7:41:31;2155,5;61409,1;2155,5;77930,6
7:41:32;2160,6;60577,1;2160,6;76250,7
7:41:33;2001,4;60821,9;2001,4;75607,2
7:41:34;2090,1;62952,4;2090,1;77798,9
7:41:35;2227,6;61289,6;2227,6;77020
7:41:36;1985,9;63123,8;1985,9;78036,1
7:41:37;2164,7;60374,8;2164,7;75202,9
7:41:38;2027,1;58906,8;2027,1;75627,3
7:41:39;2083,1;61680,4;2083,1;76448,8
7:41:40;2057,1;61587,9;2057,1;76449,6
7:41:41;1956,6;60108,6;1956,6;75331,9
7:41:42;2062,1;65030,6;2062,1;79073,1
7:41:43;1980,2;58802,4;1980,2;76765,1
7:41:44;2002,8;61522,5;2002,8;76038,1
7:41:45;1988,6;61983,1;1988,6;79511
7:41:46;1971,6;59525,5;1971,6;76899
7:41:47;2085,1;60184,5;2085,1;74790,5
7:41:48;1974,2;59697,4;1974,2;77193,2
7:41:49;1910;59660,7;1910;76829,6
7:41:50;1990,4;60176,7;1990,4;77146,8
7:41:51;2009,1;64316,8;2009,1;78547,1
7:41:52;2034,2;61788,6;2034,2;77569,3
7:41:53;2059,1;60433,1;2059,1;74175,7
7:41:54;2027,8;62689,1;2027,8;78001,8
7:41:55;1969,2;60216,6;1969,2;76069,3
7:41:56;2086,4;62176,7;2086,4;76390,6
7:41:57;2080,1;62845,6;2080,1;79310,1
7:41:58;1960,3;59473,9;1960,3;75637,3
7:41:59;1982,7;59866,6;1982,7;76375,2
7:42:00;1993,1;59883,1;1993,1;74270,2
7:42:01;1940,9;60431,2;1940,9;77627,4
7:42:02;2101,8;64656,9;2101,8;77453,6
7:42:03;2144,8;63549,3;2144,8;77506,5
7:42:04;2063,5;63136,3;2063,5;78077,1
7:42:05;1965,4;61079,4;1965,4;77681,1
7:42:06;1980,6;62813,3;1980,6;77079,3
7:42:07;2020,6;62086;2020,6;78386,7
7:42:08;2051,3;58457,3;2051,3;75292,1
7:42:09;1991,3;63310,1;1991,3;77536,4
7:42:10;2023,3;59504,2;2023,3;75804,5
7:42:11;2094,7;62709,1;2094,7;78460,6
7:42:12;2043,4;62928,7;2043,4;79701
7:42:13;2091,3;63576,4;2091,3;77082,9
7:42:14;2098,2;63300,1;2098,2;78092,1
7:42:15;2287,4;63854,3;2287,4;79536,2
7:42:16;2022,2;62378,2;2022,2;76789,8
7:42:17;2100,7;59544,7;2100,7;74823,5
7:42:18;2066;62292,2;2066;77402,7
7:42:19;1973,5;63906,1;1973,5;79658,3
7:42:20;2082,7;60489,6;2082,7;75489,9
7:42:21;2038,7;63603,9;2038,7;78192,8
7:42:22;2015,9;62391;2015,9;77283,1
7:42:23;2002,8;63496,3;2002,8;78987,9
7:42:24;1986,6;63095,8;1986,6;78235
7:42:25;2127,1;60113,5;2127,1;75688,2
7:42:26;2080,3;61535,3;2080,3;78629,4
7:42:27;1898,1;60540,9;1898,1;76928
7:42:28;1948,9;59115;1948,9;75803,2
7:42:29;2073,4;62574,6;2073,4;77040,1
7:42:30;2157,9;61352,5;2157,9;77888,2
7:42:31;2045,5;62079,4;2045,5;78787,2
7:42:32;2095,5;62041,1;2095,5;77823
7:42:33;2188,4;61149,9;2188,4;73145,8
7:42:34;2208,1;62477;2208,1;76409
7:42:35;1996,5;61900,7;1996,5;77542,7
7:42:36;2108,2;64283,7;2108,2;78985
7:42:38;2182,2;59922,6;2182,2;76384,8
7:42:39;2049,8;60821,9;2049,8;75146,3
7:42:40;1899,3;58991,8;1899,3;75920,2
7:42:41;1986,1;58789,2;1986,1;72936,5
7:42:42;2180,1;61294,4;2180,1;75708,5
7:42:43;2228,2;62238,9;2228,2;75538,5
7:42:44;2076,9;63746,5;2076,9;79740,1
7:42:45;2075,5;60752,9;2075,5;75840,6
7:42:46;2071,2;61789,1;2071,2;76392
7:42:47;2068,1;63426,4;2068,1;78262,6
7:42:48;2025,8;61167,6;2025,8;77537
7:42:49;1986,6;62626,5;1986,6;76611,1
7:42:50;2157;63675,2;2157;77462,4
7:42:51;2002,2;62883,3;2002,2;77485,2
7:42:52;2114,3;62973,1;2114,3;76705,8
7:42:53;1962,1;61577,3;1962,1;79166
7:42:54;2004,7;61986,7;2004,7;77333,4
7:42:55;1949,5;61853,2;1949,5;78272,4
7:42:56;2075,3;62047,5;2075,3;77184,4
7:42:57;2008,7;62623;2008,7;79584,3
7:42:58;2149,6;61054,2;2149,6;76414,2
7:42:59;2016,9;64301,8;2016,9;79990,7
7:43:00;2195,2;63540,3;2195,2;79101,4
7:43:01;2015,3;61637,6;2015,3;76452,4
7:43:02;2085,6;60503;2085,6;76555
7:43:03;2038,1;61301,6;2038,1;74993,6
7:43:04;2018,1;63775,4;2018,1;79050,9
7:43:05;1982,1;63361;1982,1;78052,3
7:43:06;2059,8;64018,5;2059,8;78769,6
7:43:07;2124,7;64904,8;2124,7;78964,6
7:43:08;2020,3;63114;2020,3;76756
7:43:09;1955;61888,9;1955;77868,8
7:43:10;1912;63782,1;1912;79554,5
7:43:11;2029,9;62744,9;2029,9;78143,8
7:43:12;2065,8;62655;2065,8;77081
7:43:13;1978;63911,4;1978;77442
7:43:14;2027;62068,6;2027;78369,7
7:43:15;2082,2;61484,4;2082,2;75762,2
7:43:16;2055,1;61435;2055,1;76072,9
7:43:17;2005,4;63284,4;2005,4;78803,7
7:43:18;2065,6;63181;2065,6;77862,1
7:43:19;1976,8;65316,2;1976,8;80750,2
7:43:20;1993,6;65688;1993,6;79408,5
7:43:21;2018,6;62409;2018,6;77208,2
7:43:22;2004,3;62101,2;2004,3;78862,8
7:43:23;2142,1;62906,7;2142,1;78203,6
7:43:24;1970,2;64894,9;1970,2;81353,4
7:43:25;2000;64318,4;2000;78571,9
7:43:26;1944,5;65055,6;1944,5;81221,2
7:43:27;2101,4;64214,2;2101,4;80547,4
7:43:28;2056,1;62200,1;2056,1;77576,1
7:43:29;2127,3;62423,3;2127,3;76103,3
7:43:30;2084,4;64483;2084,4;79689,9
7:43:31;2122,4;65761,3;2122,4;80768,4
7:43:32;2055,5;62417,2;2055,5;79196,3
7:43:33;1961;64334,6;1961;80786,5
7:43:34;2158,6;64770,8;2158,6;81303,8
7:43:35;2001,3;65361,6;2001,3;80832
7:43:36;2168,5;62964,8;2168,5;77936,7
7:43:37;2225,1;63661,5;2225,1;78090,4
7:43:38;2260,8;64472,4;2260,8;77577,1
7:43:39;2099,2;64910,6;2099,2;81242,1
7:43:40;2043,8;64393,2;2043,8;80265
7:43:41;2191,6;64710,4;2191,6;79437
7:43:42;2102,9;63082;2102,9;79877,8
7:43:43;1995,7;64505;1995,7;81035,9
7:43:44;1886,3;65313,2;1886,3;82134,2
7:43:45;2156,4;63109,1;2156,4;78388,5
7:43:46;2181,1;65327,3;2181,1;79694,4
7:43:47;2163,7;64396,2;2163,7;79011
7:43:48;2069,3;65238,8;2069,3;79445,2
7:43:49;1996,7;64631,8;1996,7;79538,3
7:43:50;2041;62758;2041;78431,2
7:43:51;2151,2;63714,6;2151,2;77286,8
7:43:52;2114,8;60770,3;2114,8;73785,1
7:43:53;2033,1;61534,1;2033,1;76323,2
7:43:54;2097,2;64602,6;2097,2;78373,7
7:43:55;2133,8;65194,1;2133,8;80572,5
7:43:56;1901;65110,1;1901;79323,7
7:43:57;2148,8;64960,8;2148,8;78908
7:43:58;1996,1;61772,9;1996,1;77470,9
7:43:59;1992,6;64390,2;1992,6;79605,5
7:44:00;2088,9;65572,4;2088,9;80434,4
7:44:01;2028,3;69228,8;2028,3;84654,8
7:44:02;2037,7;64148,8;2037,7;84909,7
7:44:03;2048,9;65391,4;2048,9;80260,9
7:44:04;2074;66283,9;2074;82575,7
7:44:05;2045,1;63435,1;2045,1;79566,4
7:44:06;2016,8;64196,3;2016,8;81765,7
7:44:07;1990,7;63403,2;1990,7;78748,4
7:44:08;1919;63111;1919;80431,2
7:44:09;2038,3;64425,4;2038,3;78527,2
7:44:10;2064,2;63109,7;2064,2;78367,2
7:44:11;1918;62929,2;1918;79412
7:44:12;2064,6;63223,8;2064,6;79628,4
7:44:13;2045,9;65380,2;2045,9;79713,7
7:44:14;1961,5;64993,2;1961,5;80761,1
7:44:15;2123;65113,2;2123;80390,3
7:44:16;2019,2;62632,1;2019,2;78061,2
7:44:17;2030,8;63507,7;2030,8;78677,1
7:44:18;2119,7;65252;2119,7;80538,3
7:44:19;2107,2;65411,5;2107,2;79410
7:44:20;2042,7;64265,7;2042,7;80679,3
7:44:21;1992,8;65614;1992,8;81093
7:44:22;2035,6;61655,8;2035,6;77370,4
7:44:23;2002,8;65014;2002,8;79980,3
7:44:24;2092,3;64330,3;2092,3;79295,3
7:44:25;2069,9;63568,3;2069,9;79218,8
7:44:26;2006,3;67338,5;2006,3;83928,9
7:44:27;2131,5;66129,1;2131,5;80440,1
7:44:28;1997,3;66539,5;1997,3;82715,6
7:44:29;2057,5;67440,1;2057,5;80441,4
7:44:30;2094;61619,3;2094;77805,3
7:44:31;2098;64029,9;2098;79044,7
7:44:32;2023,6;62695,7;2023,6;78859,6
7:44:33;2003,3;66614,6;2003,3;81057,1
7:44:34;1968,1;63931,7;1968,1;79098
7:44:35;2048,9;62412,7;2048,9;78506
7:44:36;2022,7;63260;2022,7;78481,8
7:44:37;2008,8;61861,5;2008,8;76593,9
7:44:38;1999,1;66989,6;1999,1;80854,1
7:44:39;2206,2;66787,3;2206,2;80952,5
7:44:40;2149,1;64613,1;2149,1;80937,3
7:44:41;2209,9;67545,4;2209,9;81936,2
7:44:42;1939,6;62588,8;1939,6;78219,4
7:44:43;1993,9;65085,7;1993,9;80646,3
7:44:44;2165,3;62438,6;2165,3;76522,8
7:44:45;1978,8;62675,6;1978,8;79300
7:44:47;2127,6;64421,4;2127,6;79765,1
7:44:48;1953,2;65706,5;1953,2;80898,4
7:44:49;1994,9;64163;1994,9;80634,6
7:44:50;2124,8;62318,1;2124,8;78444,3
7:44:51;2076,6;62415,8;2076,6;77938,5
7:44:52;2169,1;64934,7;2169,1;78883,2
7:44:53;1983,5;64327,6;1983,5;79638,5
7:44:54;1966,3;63419;1966,3;78537
7:44:55;2055,5;65705;2055,5;80721,4
7:44:56;2128,7;64213,4;2128,7;79426,9
7:44:57;2105,7;63910,1;2105,7;79181,9
7:44:58;2084,7;63925,3;2084,7;78798,1
7:44:59;1983;61900;1983;77768,8
7:45:00;2129;64574,1;2129;79471,1
7:45:01;1840,6;45665,7;1840,6;62098,5
7:45:02;1933,1;45753,7;1933,1;62204,4
7:45:03;1905,2;46418,3;1905,2;62433,1
7:45:04;1915,7;46538,5;1915,7;63100,4
7:45:05;2017,6;47507;2017,6;61559,8
7:45:06;1937,8;46911,1;1937,8;62775,2
7:45:07;2036;46734,5;2036;62402,6
7:45:08;1960,2;46413,4;1960,2;60400,5
7:45:09;2063,3;45600,2;2063,3;60771,5
7:45:10;1981,5;47948,2;1981,5;62484,5
7:45:11;1940,5;47453,7;1940,5;62946,8
7:45:12;1908,2;47524,8;1908,2;65079,5
7:45:13;1929,2;47489;1929,2;62994,7
7:45:14;2001;47410,5;2001;62170,6
7:45:15;2138,8;48096;2138,8;63032,2
7:45:16;1981;47281,8;1981;63850,3
7:45:17;2045,6;46892,9;2045,6;62515,1
7:45:18;1905,5;48324,3;1905,5;63419,8
7:45:19;1958;47623,3;1958;64580,5
7:45:20;1987,5;48223,4;1987,5;61818,8
7:45:21;2023,4;47666,4;2023,4;62287
7:45:22;1996,3;48855,7;1996,3;65067,8
7:45:23;1973,6;47571,1;1973,6;63265,5
7:45:24;1976,7;48233,5;1976,7;64383,1
7:45:25;1920,7;48510,4;1920,7;65026
7:45:26;2088,2;49479,8;2088,2;64296,1
7:45:27;2010,5;47985,9;2010,5;63436,4
7:45:28;1945;48392;1945;65148,5
7:45:29;1907,6;47918,5;1907,6;63404,8
7:45:30;2034,9;47976,2;2034,9;63021,4
7:45:31;1924,6;47122,7;1924,6;63558,9
7:45:32;2082,8;48388;2082,8;64657,4
7:45:33;1951,7;48360,7;1951,7;64419,9
7:45:34;1981,7;48678,4;1981,7;65000,1
7:45:35;1971,8;49213,1;1971,8;65387,7
7:45:36;1954,3;49153,5;1954,3;64272
7:45:37;1992,8;48186;1992,8;64622,7
7:45:38;2049,1;48167,4;2049,1;62383,5
7:45:39;2122;49227,7;2122;63835,7
7:45:40;2076,4;49143;2076,4;63806,9
7:45:41;2207,8;49391,2;2207,8;65815,7
7:45:42;2107,1;48820,6;2107,1;65038,8
7:45:43;2057,6;49216,1;2057,6;65353,1
7:45:44;2162,7;49784,9;2162,7;64513,7
7:45:45;2070,2;49516,4;2070,2;63527,3
7:45:46;2028,4;48274,1;2028,4;63658,1
7:45:47;2232,4;47759,3;2232,4;64650,9
7:45:48;1934,4;48587,8;1934,4;62522
7:45:49;1955,9;48486;1955,9;64356,4
7:45:50;1978,8;48554,4;1978,8;62917,4
7:45:51;2130,3;48254,2;2130,3;64332
7:45:52;2154,5;49820;2154,5;64386,4
7:45:53;1986,6;47552,8;1986,6;61883,5
7:45:54;2029,3;48484;2029,3;64925,7
7:45:55;2083,3;48380,8;2083,3;63616
7:45:56;2065,8;48308,6;2065,8;64765,7
7:45:57;1943,7;47945,9;1943,7;63860,1
7:45:58;2075;49412,2;2075;63485,6
7:45:59;2043,2;49665,9;2043,2;65232,6
7:46:00;2065,6;48742,4;2065,6;65369,6
7:46:01;1927,5;49167,4;1927,5;63973,1
7:46:02;2099,9;49339;2099,9;64280,5
7:46:03;1894,7;49546,1;1894,7;66080,6
7:46:04;2047,4;49681,5;2047,4;63642,5
7:46:05;2002,4;49415,4;2002,4;65329
7:46:06;1879,3;48399,5;1879,3;65823,3
7:46:07;1997,3;48885,2;1997,3;66472,9
7:46:08;1966,1;48320,4;1966,1;63747
7:46:09;1925,4;50429,9;1925,4;67450,2
7:46:10;2109;50684,9;2109;64181,4
7:46:11;2026,3;49483,2;2026,3;64568,3
7:46:12;2053;48781,6;2053;63881,9
7:46:13;2094,7;51082,4;2094,7;64940,9
7:46:14;1969,3;47793,8;1969,3;64003,7
7:46:15;1940,1;49561,2;1940,1;64913,1
7:46:16;2005;49443;2005;65979,6
7:46:17;1940,9;49485,9;1940,9;65606,1
7:46:18;2105,7;49757,9;2105,7;65050,3
7:46:19;1819,2;47860,8;1819,2;64919,3
7:46:20;2003,4;48685,5;2003,4;65208,4
7:46:21;1909,4;48536,4;1909,4;65258,7
7:46:22;2021,4;47344,2;2021,4;64203,2
7:46:23;2080,9;48558,3;2080,9;64099,6
7:46:24;1847,4;47987;1847,4;64480,9
7:46:25;1938,3;48175,1;1938,3;64699,3
7:46:26;1770,9;47169,9;1770,9;62941,3
7:46:27;1984,3;48043,2;1984,3;63146,8
7:46:28;2012,1;49575,9;2012,1;65038,2
7:46:29;2003,8;48861,6;2003,8;64596,8
7:46:30;2025,1;48709,1;2025,1;64623,3
7:46:31;1894,2;48110,9;1894,2;65360,2
7:46:32;2060,4;49021,5;2060,4;64173,8
7:46:33;2035,5;49319,8;2035,5;63520,6
7:46:34;1927,4;48650,8;1927,4;66576,8
7:46:35;1946,1;48068,8;1946,1;63533,2
7:46:36;1920,7;48769,6;1920,7;64730,2
7:46:37;2019,7;49996,7;2019,7;65798,1
7:46:38;1821,3;46886,7;1821,3;64889,1
7:46:39;2008;48936,4;2008;64185
7:46:40;2027,4;47690,8;2027,4;64414,1
7:46:41;2092;48317,1;2092;63683,1
7:46:42;2032,2;50142;2032,2;64673,7
7:46:43;2046,9;49111,6;2046,9;66807,5
7:46:44;2058;48395,3;2058;66136,1
7:46:45;1972,6;48232,9;1972,6;64810,8
7:46:46;2013,8;50733,7;2013,8;65033,8
7:46:47;2047,6;48384,4;2047,6;64428,2
7:46:48;2113,4;50684,8;2113,4;63894,3
7:46:49;2119,6;49833,7;2119,6;63932,1
7:46:50;2029,9;51195,7;2029,9;66345,9
7:46:51;2222,6;50358,2;2222,6;64059,4
7:46:52;2034,6;50196,3;2034,6;64850,1
7:46:53;2000,7;50079,6;2000,7;65374,9
7:46:54;1950,9;49232,7;1950,9;66183,8
7:46:56;1992,7;50375,9;1992,7;67098,7
7:46:57;1912,4;49380,1;1912,4;66325,6
7:46:58;1979,6;49926,8;1979,6;63859,7
7:46:59;2047,7;49646,1;2047,7;64810,7
7:47:00;2025;50192,3;2025;65947,8
7:47:01;1907,1;50326;1907,1;66372,2
7:47:02;2000,1;48780,8;2000,1;64842,1
7:47:03;1956,7;50097,2;1956,7;66827,9
7:47:04;1881,3;49135,1;1881,3;66991,9
7:47:05;1940,5;49243,2;1940,5;66695,4
7:47:06;1930,3;48956,8;1930,3;65535,9
7:47:07;1995,7;49585,1;1995,7;66657,5
7:47:08;1813,7;50099,2;1813,7;65945,4
7:47:09;1988,5;48920,9;1988,5;63142,4
7:47:10;1981,3;49940,7;1981,3;64482,5
7:47:11;1935,3;49984,1;1935,3;65059,1
7:47:12;2036,9;49648,4;2036,9;65039,5
7:47:13;1929,3;49676,3;1929,3;66717,4
7:47:14;1978,4;51029,3;1978,4;66105,5
7:47:15;2008,4;51317,3;2008,4;67036
7:47:16;1979,2;50664,6;1979,2;65802,2
7:47:17;2074,2;50648,6;2074,2;66702,6
7:47:18;2050,6;50923,1;2050,6;66353,6
7:47:19;1883,1;49880,1;1883,1;64776
7:47:20;2055,6;51199;2055,6;65972,4
7:47:21;1955,9;49161,3;1955,9;65592,5
7:47:22;1976,4;49154,6;1976,4;67688,4
7:47:23;1908,6;50098,1;1908,6;65389,9
7:47:24;1934,8;50277;1934,8;65345,1
7:47:25;1882;49670,4;1882;65583,1
7:47:26;2012,5;49843,9;2012,5;64909,2
7:47:27;1943,6;49718,7;1943,6;66477,6
7:47:28;1923,8;48516;1923,8;66164,6
7:47:29;1901,3;49786,9;1901,3;64957,9
7:47:30;2099,3;50392,1;2099,3;65875,7
7:47:31;1924,5;49636,4;1924,5;66208
7:47:32;2130,3;50015,4;2130,3;64764,5
7:47:33;1983,1;50419,3;1983,1;65438,6
7:47:34;1925,9;49982,3;1925,9;65458,4
7:47:35;2002,5;50996;2002,5;65553,2
7:47:36;1912,1;50978,5;1912,1;65563,5
7:47:37;1970,4;50091,6;1970,4;67470,1
7:47:38;1906;50384,1;1906;67872,8
7:47:39;2083,2;50465,8;2083,2;64461,2
7:47:40;2156,2;51645,4;2156,2;66145,8
7:47:41;2099,4;49317,8;2099,4;65223
7:47:42;2048,7;49601,2;2048,7;65801,4
7:47:43;2051,3;50581,5;2051,3;65508,6
7:47:44;2068,6;48893,2;2068,6;64624,9
7:47:45;2132,3;50110,4;2132,3;64543,4
7:47:46;1955,4;50126,6;1955,4;65788,6
7:47:47;1981,1;50931,9;1981,1;66595,8
7:47:48;1939,8;49148,1;1939,8;65474
7:47:49;2122,8;50122,3;2122,8;65729
7:47:50;2127,5;50064,2;2127,5;65829,3
7:47:51;1947,9;49981,7;1947,9;66158,7
7:47:52;2036,6;51163,5;2036,6;66233,3
7:47:53;2158,3;51498,1;2158,3;67572,9
7:47:54;2002,6;50510,7;2002,6;65821,2
7:47:55;1932,1;49927,4;1932,1;66984,4
7:47:56;1947,9;51336,6;1947,9;67907,9
7:47:57;2189,4;51755;2189,4;66940,5
7:47:58;2047,9;50706,7;2047,9;67524,6
7:47:59;1947,9;52014,7;1947,9;67883,7
7:48:00;1913,9;49287,9;1913,9;66288,5
7:48:01;1983,4;51218,3;1983,4;67095,7
7:48:02;2046,2;48438,1;2046,2;60717,2
7:48:03;1903;48594,7;1903;65332,8
7:48:04;1953,1;50832,1;1953,1;67341,9
7:48:05;1915,2;51196;1915,2;65898,8
7:48:06;1928,9;50550,5;1928,9;67929,8
7:48:07;1907,7;50335,1;1907,7;67402,2
7:48:08;1942,2;49391,9;1942,2;64276,8
7:48:09;2035,3;51327,1;2035,3;65608,7
7:48:10;1950,8;50652,1;1950,8;67323,9
7:48:11;1964,2;50870,1;1964,2;66686,3
7:48:12;2078,3;52522,4;2078,3;66632,1
7:48:13;1924,4;51169;1924,4;67555,9
7:48:14;1919,2;51166,2;1919,2;67651,2
7:48:15;2074,6;50123;2074,6;67103,9
7:48:16;1980,6;51723,2;1980,6;66667,4
7:48:17;2017,8;51972;2017,8;66444,3
7:48:18;2028,7;49835,3;2028,7;63125,5
7:48:19;1951,7;52035,6;1951,7;67617,5
7:48:20;2101,5;52787,7;2101,5;68147,7
7:48:21;1838,5;50849,8;1838,5;68750,7
7:48:22;2027,8;51139,4;2027,8;65754,4
7:48:23;2004,7;52113,7;2004,7;66988,5
7:48:24;2013,9;51113,7;2013,9;67032,6
7:48:25;2014,4;51901;2014,4;66120,4
7:48:26;1977;50800;1977;66404
7:48:27;1951,4;50136,1;1951,4;67036,7
7:48:28;1885;50609,4;1885;66022,7
7:48:29;1982,5;50801,6;1982,5;66774,1
7:48:30;2007,6;51937;2007,6;68061,8
7:48:31;2056,9;51388,1;2056,9;67146,6
7:48:32;1992,7;52025,7;1992,7;67141,4
7:48:33;1962,9;50145,2;1962,9;66415,2
7:48:34;1936,2;51044,5;1936,2;66551,6
7:48:35;1929,4;51401,3;1929,4;68354,4
7:48:36;1919,2;50769;1919,2;65737,7
7:48:37;2033,7;50978,9;2033,7;66738,9
7:48:38;1937,5;51338,9;1937,5;66833,3
7:48:39;2014;51333,8;2014;67164,1
7:48:40;2038,1;51468,7;2038,1;66063,7
7:48:41;1909,8;52226;1909,8;66867,5
7:48:42;2141,4;51257,3;2141,4;64571,7
7:48:43;1945,9;51615,9;1945,9;67203,5
7:48:44;2024,6;50324,3;2024,6;64179
7:48:45;2213;51093,9;2213;67031,8
7:48:46;1988,1;51097,4;1988,1;68206,8
7:48:47;2233,4;50955,9;2233,4;66328,8
7:48:48;2058,2;51713,7;2058,2;66573,4
7:48:49;2005,1;50808,8;2005,1;66112,6
7:48:50;2133,5;52051,5;2133,5;66570,6
7:48:51;2093,4;50838,4;2093,4;65126,7
7:48:52;1946,1;50588,1;1946,1;66232,6
7:48:53;1992,8;52221,3;1992,8;67504,6
7:48:54;2082,8;53052;2082,8;67371,7
7:48:55;1936,8;51186,8;1936,8;68558,8
7:48:56;2218,9;51679,6;2218,9;67440,5
7:48:57;2077,3;52448,9;2077,3;67349
7:48:59;2034,9;53163,3;2034,9;68115,8
7:49:00;1976,9;53445,1;1976,9;69327,8
7:49:01;1965,9;52215,4;1965,9;69456,9
7:49:02;2111,2;53747,4;2111,2;69161,9
7:49:03;2137,4;52125;2137,4;67666,2
7:49:04;1993,4;53206,5;1993,4;68412,6
7:49:05;1958;53115,4;1958;68905,9
7:49:06;2060,2;52586,9;2060,2;67688,9
7:49:07;2125;52550;2125;68678,9
7:49:08;1924,8;52030;1924,8;68135
7:49:09;1909,4;50424,8;1909,4;66810,6
7:49:10;1984,4;51365,9;1984,4;67700,1
7:49:11;1931,8;52011,1;1931,8;68145,3
7:49:12;2052,1;52135,6;2052,1;67967,2
7:49:13;2082,3;54087,8;2082,3;66907,3
7:49:14;1992,4;52514,5;1992,4;68511,8
7:49:15;2038,8;51517;2038,8;66947,5
7:49:16;2079,9;53910,3;2079,9;68171,7
7:49:17;2094,8;53111,4;2094,8;68940,3
7:49:18;2048,7;53283,8;2048,7;67825,9
7:49:19;1892,4;53595,9;1892,4;69982,5
7:49:20;2086,1;54305,4;2086,1;67523,2
7:49:21;1923,4;53171,6;1923,4;68760,9
7:49:22;2110,6;53205,8;2110,6;66913,5
7:49:23;2002,7;53126,9;2002,7;68521,6
7:49:24;2065,3;52411;2065,3;66795,7
7:49:25;2002,2;52491,1;2002,2;67056,3
7:49:26;1997,5;53210,5;1997,5;66684,7
7:49:27;2108;53258,5;2108;67383,7
7:49:28;2053,1;51471,7;2053,1;67460
7:49:29;1963,6;52628,1;1963,6;68304,3
7:49:30;2080;51553,9;2080;66875,9
7:49:31;1932,2;54359,3;1932,2;71081,6
7:49:32;2062,3;53581,4;2062,3;67706,9
7:49:33;2044,4;52822;2044,4;67707,3
7:49:34;1975,5;53768,2;1975,5;69249,9
7:49:35;2030,8;52727,3;2030,8;69759,6
7:49:36;2073,9;54006,8;2073,9;66968,2
7:49:37;2087,5;52507,3;2087,5;69247,2
7:49:38;1920,3;51624;1920,3;68370,1
7:49:39;1939,9;53279,9;1939,9;67562,2
7:49:40;2017,1;53558,8;2017,1;68898,6
7:49:41;1982,6;52671;1982,6;69315,7
7:49:42;2021,4;52258,7;2021,4;67350,2
7:49:43;2032,2;51220;2032,2;65536,9
7:49:44;1994,8;53390,1;1994,8;69211,5
7:49:45;2119,3;53878;2119,3;70638,7
7:49:46;2018,4;52019,9;2018,4;67934,9
7:49:47;2115,7;52610,3;2115,7;68934,7
7:49:48;2274,7;53461,8;2274,7;69518,2
7:49:49;2070,2;52474,1;2070,2;68818,1
7:49:50;2138,2;54165,2;2138,2;70963,6
7:49:51;2066,5;52514,5;2066,5;68823,1
7:49:52;2114,7;53816,9;2114,7;69150,6
7:49:53;1988,8;53899,6;1988,8;69963
7:49:54;1934,8;53254;1934,8;70413,2
7:49:55;2022,3;53468,6;2022,3;68825,7
7:49:56;2094,7;52664,8;2094,7;69601
7:49:57;2230,4;52709,4;2230,4;66757,6
7:49:58;2037,3;54035,5;2037,3;69975,6
7:49:59;2074,1;54317,1;2074,1;68772,3
7:50:00;2087;52278,5;2087;68109,7
7:50:01;2220,5;53970,2;2220,5;70044,1
7:50:02;2147,3;53002,4;2147,3;67908,2
7:50:03;1952,9;52547,9;1952,9;71018,9
7:50:04;1983,8;54568,6;1983,8;71005,6
7:50:05;2008;53350,1;2008;70247,5
7:50:06;1919,7;52030,8;1919,7;69589,4
7:50:07;2002,6;53922,7;2002,6;69819,5
7:50:08;1989,3;54639,8;1989,3;70743,4
7:50:09;2076;54981,8;2076;68314,2
7:50:10;1981;53713,4;1981;69523
7:50:11;2082,5;53658,6;2082,5;68436,7
7:50:12;1949,8;52832;1949,8;69933,1
7:50:13;2058,6;54132,6;2058,6;68588,8
7:50:14;1978,4;53915,9;1978,4;71062,1
7:50:15;2056,3;53266,8;2056,3;68970,2
7:50:16;1958,4;53155,3;1958,4;69719,5
7:50:17;2079,4;52766,6;2079,4;68086,9
7:50:18;2026,8;54302,3;2026,8;69894,5
7:50:19;2070,1;52884,6;2070,1;68142,2
7:50:20;2026;53828,2;2026;69343,2
7:50:21;2003,8;53519,7;2003,8;68415,4
7:50:22;2092,9;54588,9;2092,9;69769,4
7:50:23;2043,8;54876,6;2043,8;69709,2
7:50:24;2077;54032,7;2077;68979,8
7:50:25;1972,6;53767;1972,6;70171,9
7:50:26;2063,7;54004,7;2063,7;69760,8
7:50:27;2084,5;54317,5;2084,5;70053,1
7:50:28;2007,6;53895,1;2007,6;69408,3
7:50:29;2018,5;54068,1;2018,5;69725,6
7:50:30;2081,2;53751,1;2081,2;67584
7:50:31;2075,4;54460,7;2075,4;67255,4
7:50:32;2125,5;52986,9;2125,5;67798,9
7:50:33;2061,7;54372,7;2061,7;70517,3
7:50:34;2082,7;55309,5;2082,7;69548,5
7:50:35;2027,5;53714,3;2027,5;69141,9
7:50:36;2008,4;55022,6;2008,4;70631
7:50:37;2031,4;53586,6;2031,4;69490,7
7:50:38;1897;53080,1;1897;70569,8
7:50:39;1955,4;55528,6;1955,4;71187,6
7:50:40;1987,1;56021,3;1987,1;71954,8
7:50:41;2120;54392,1;2120;68668
7:50:42;2028,7;53333;2028,7;72041,2
